{
  "r2_original": 0.9999983269047332,
  "rmse_original": 0.20602291069320502,
  "mae_original": 0.16098366174284678,
  "r2_log": 0.9999984351877873,
  "rmse_log": 5.3430537656586585e-05,
  "mae_log": 4.2288555980004276e-05
}