{
  "r2_original": 0.9999998884316152,
  "rmse_original": 0.22262241149153758,
  "mae_original": 0.1470526477187284,
  "r2_log": 0.9999998866349117,
  "rmse_log": 4.628115074329868e-05,
  "mae_log": 3.033151967452114e-05
}